<?xml version="1.0" encoding="UTF-8"?>
<metadata xml:lang="en"><Esri><CreaDate>20171113</CreaDate><CreaTime>08372900</CreaTime><ArcGISFormat>1.0</ArcGISFormat><SyncOnce>TRUE</SyncOnce><DataProperties><lineage><Process ToolSource="d:\arcgis\arcgis 10.5.1\desktop10.5\ArcToolbox\Toolboxes\Data Management Tools.tbx\AddField" Date="20171113" Time="083729">AddField ne_10m_admin_0_countries area DOUBLE # # # # NULLABLE NON_REQUIRED #</Process><Process ToolSource="d:\arcgis\arcgis 10.5.1\desktop10.5\ArcToolbox\Toolboxes\Data Management Tools.tbx\CalculateField" Date="20171113" Time="083825">CalculateField ne_10m_admin_0_countries area " !SHAPE.AREA@SQUAREKILOMETERS!" PYTHON_9.3 #</Process><Process ToolSource="d:\arcgis\arcgis 10.5.1\desktop10.5\ArcToolbox\Toolboxes\Data Management Tools.tbx\CalculateField" Date="20171113" Time="083851">CalculateField ne_10m_admin_0_countries area " !SHAPE.AREA@SQUAREKILOMETERS!" PYTHON_9.3 #</Process><Process ToolSource="d:\arcgis\arcgis 10.5.1\desktop10.5\ArcToolbox\Toolboxes\Data Management Tools.tbx\DeleteField" Date="20171113" Time="083950">DeleteField ne_10m_admin_0_countries area</Process></lineage></DataProperties></Esri></metadata>
