<?xml version="1.0" encoding="ISO-8859-1"?>
<!DOCTYPE metadata SYSTEM "http://www.fgdc.gov/metadata/fgdc-std-001-1998.dtd">
<metadata>
	<idinfo>
		<citation>
			<citeinfo>
				<pubdate>August, 2003</pubdate>
				<geoform Sync="TRUE">vector digital data</geoform>
				<serinfo>
					<sername>Global Ministry Mapping System</sername>
					<issue>Version 3.0</issue>
				</serinfo>
				<pubinfo>
					<pubplace>Colorado Springs, Colorado, USA</pubplace>
					<publish>Global Mapping International</publish>
				</pubinfo>
				<onlink></onlink>
				<origin>REQUIRED: The name of an organization or individual that developed the data set.</origin><title>Language areas</title><ftname Sync="TRUE">langa</ftname></citeinfo>
		</citation>
		<descript>
			<supplinf>Copyright �2003 Global Mapping International. All Rights Reserved</supplinf>
			<langdata Sync="TRUE">en</langdata><abstract>Language areas</abstract><purpose>REQUIRED: A summary of the intentions with which the data set was developed.</purpose></descript>
		<timeperd>
			<timeinfo>
				<sngdate>
					<caldate>unknown</caldate>
				</sngdate>
			</timeinfo>
			<current>publication date</current>
		</timeperd>
		<status>
			<progress>Complete</progress>
			<update>Irregular</update>
		</status>
		<spdom>
			<bounding>
				<westbc Sync="TRUE">-179.999999</westbc>
				<eastbc Sync="TRUE">180.000000</eastbc>
				<northbc Sync="TRUE">83.110627</northbc>
				<southbc Sync="TRUE">-55.287896</southbc>
			</bounding>
			<lboundng><leftbc Sync="TRUE">-179.999999</leftbc><rightbc Sync="TRUE">180.000000</rightbc><bottombc Sync="TRUE">-55.287896</bottombc><topbc Sync="TRUE">83.110627</topbc></lboundng></spdom>
		<keywords>
			<theme>
				<themekt>REQUIRED: Reference to a formally registered thesaurus or a similar authoritative source of theme keywords.</themekt><themekey>REQUIRED: Common-use word or phrase used to describe the subject of the data set.</themekey></theme>
		</keywords>
		<accconst>Generally available only to specific nonprofit organizations a part of the Global Ministry Mapping System, or under specific license from Global Mapping International.</accconst>
		<useconst>See Global Ministry Mapping System End-User License Agreement or other license agreement for use constraints. Use is prohibited except under license.</useconst>
		<ptcontac>
			<cntinfo>
				<cntperp>
					<cntper>Bill Dickson</cntper>
					<cntorg>Global Mapping International</cntorg>
				</cntperp>
				<cntpos>Vice President, Research and Development</cntpos>
				<cntvoice>+1-719-531-3599</cntvoice>
				<cntfax>+1-719-548-7459</cntfax>
				<cntemail>permissions@gmi.org</cntemail>
				<hours>0830-1700 MT (GMT -7) M-F</hours>
			</cntinfo>
		</ptcontac>
		<native Sync="TRUE">Microsoft Windows 2000 Version 5.0 (Build 2195) Service Pack 4; ESRI ArcCatalog 9.1.0.722</native><natvform Sync="TRUE">Shapefile</natvform></idinfo>
	<dataqual>
		<lineage>
			<srcinfo><srccite><citeinfo><title>Vector Map Level 0, Edition 5</title><origin>National Imagery and Mapping Agency</origin><pubdate>2000</pubdate><edition>5</edition><onlink>www.geoengine.nima.mil</onlink></citeinfo></srccite><srcscale>1000000</srcscale><typesrc>CD-ROM</typesrc><srccitea>VMAP 0 Ed. 5</srccitea><srccontr>Feature geometry and attributes from VMAP 0 Ed. 5; conversion, tile merging, language data, and political updates by GMI.</srccontr></srcinfo><procstep><procdesc Sync="TRUE">Metadata imported.</procdesc><srcused Sync="TRUE">C:\Metadata\dcw metadata.xml</srcused><date Sync="TRUE">20030725</date><time Sync="TRUE">14175400</time></procstep><procstep><procdesc Sync="TRUE">Dataset copied.</procdesc><srcused Sync="TRUE"></srcused><date Sync="TRUE">20060317</date><time Sync="TRUE">11243300</time></procstep><procstep><procdesc Sync="TRUE">Dataset copied.</procdesc><srcused Sync="TRUE"></srcused><date Sync="TRUE">20060317</date><time Sync="TRUE">13263900</time></procstep><procstep><procdesc Sync="TRUE">Dataset copied.</procdesc><srcused Sync="TRUE">G:\Products\GMMS320\Arc\Work\DCW_Basemap\lang\langa</srcused><date Sync="TRUE">20061027</date><time Sync="TRUE">12025000</time></procstep><procstep><procdesc Sync="TRUE">Dataset copied.</procdesc><srcused Sync="TRUE">G:\Products\GMMS320\Arc\Work\DCW_Basemap\lang\langa</srcused><date Sync="TRUE">20061107</date><time Sync="TRUE">12012000</time></procstep><procstep><procdesc Sync="TRUE">Dataset copied.</procdesc><srcused Sync="TRUE">C:\GMMSdata-Arc\DCW_Basemap\lang\langaCopy</srcused><date Sync="TRUE">20061107</date><time Sync="TRUE">16072400</time></procstep></lineage>
	</dataqual>
	<spdoinfo>
		<direct Sync="TRUE">Vector</direct>
		<ptvctinf>
			<sdtsterm Name="langa">
				<sdtstype Sync="TRUE">G-polygon</sdtstype>
				<ptvctcnt Sync="TRUE">7565</ptvctcnt>
			</sdtsterm>
			<esriterm Name="langa"><efeatyp Sync="TRUE">Simple</efeatyp><efeageom Sync="TRUE">Polygon</efeageom><esritopo Sync="TRUE">FALSE</esritopo><efeacnt Sync="TRUE">7565</efeacnt><spindex Sync="TRUE">TRUE</spindex><linrefer Sync="TRUE">FALSE</linrefer></esriterm></ptvctinf>
	</spdoinfo>
	<spref>
		<horizsys>
			<geograph>
				<latres Sync="TRUE">0.000001</latres>
				<longres Sync="TRUE">0.000001</longres>
				<geogunit Sync="TRUE">Decimal degrees</geogunit>
			</geograph>
			<geodetic>
				<horizdn Sync="TRUE">D_WGS_1984</horizdn>
				<ellips Sync="TRUE">WGS_1984</ellips>
				<semiaxis Sync="TRUE">6378137.000000</semiaxis>
				<denflat Sync="TRUE">298.257224</denflat>
			</geodetic>
			<cordsysn><geogcsn Sync="TRUE">GCS_WGS_1984</geogcsn></cordsysn></horizsys>
	</spref>
	<eainfo>
		<detailed Name="langa">
			<enttyp>
				<enttypl Sync="TRUE">langa</enttypl><enttypt Sync="TRUE">Feature Class</enttypt><enttypc Sync="TRUE">7565</enttypc></enttyp>
			<attr>
				<attrlabl Sync="TRUE">FID</attrlabl>
				<attrdef Sync="TRUE">Internal feature number.</attrdef>
				<attrdefs Sync="TRUE">ESRI</attrdefs>
				<attrdomv>
					<udom Sync="TRUE">Sequential unique whole numbers that are automatically generated.</udom>
				</attrdomv>
				<attalias Sync="TRUE">FID</attalias><attrtype Sync="TRUE">OID</attrtype><attwidth Sync="TRUE">4</attwidth><atprecis Sync="TRUE">0</atprecis><attscale Sync="TRUE">0</attscale></attr>
			<attr>
				<attrlabl Sync="TRUE">Shape</attrlabl>
				<attrdef Sync="TRUE">Feature geometry.</attrdef>
				<attrdefs Sync="TRUE">ESRI</attrdefs>
				<attrdomv>
					<udom Sync="TRUE">Coordinates defining the features.</udom>
				</attrdomv>
				<attalias Sync="TRUE">Shape</attalias><attrtype Sync="TRUE">Geometry</attrtype><attwidth Sync="TRUE">0</attwidth><atprecis Sync="TRUE">0</atprecis><attscale Sync="TRUE">0</attscale></attr>
			<attr>
				<attrlabl Sync="TRUE">NAME2</attrlabl>
				<attalias Sync="TRUE">NAME2</attalias><attrtype Sync="TRUE">String</attrtype><attwidth Sync="TRUE">10</attwidth></attr>
			<attr><attrlabl Sync="TRUE">REL</attrlabl><attalias Sync="TRUE">REL</attalias><attrtype Sync="TRUE">String</attrtype><attwidth Sync="TRUE">10</attwidth></attr><attr><attrlabl Sync="TRUE">TC</attrlabl><attalias Sync="TRUE">TC</attalias><attrtype Sync="TRUE">String</attrtype><attwidth Sync="TRUE">7</attwidth></attr><attr><attrlabl Sync="TRUE">ID_ISO_A3</attrlabl><attalias Sync="TRUE">ID_ISO_A3</attalias><attrtype Sync="TRUE">String</attrtype><attwidth Sync="TRUE">7</attwidth></attr><attr><attrlabl Sync="TRUE">EDIT_DATE</attrlabl><attalias Sync="TRUE">EDIT_DATE</attalias><attrtype Sync="TRUE">Date</attrtype><attwidth Sync="TRUE">8</attwidth></attr><attr><attrlabl Sync="TRUE">ID_ISO_A2</attrlabl><attalias Sync="TRUE">ID_ISO_A2</attalias><attrtype Sync="TRUE">String</attrtype><attwidth Sync="TRUE">7</attwidth></attr><attr><attrlabl Sync="TRUE">ID_FIPS</attrlabl><attalias Sync="TRUE">ID_FIPS</attalias><attrtype Sync="TRUE">String</attrtype><attwidth Sync="TRUE">8</attwidth></attr><attr><attrlabl Sync="TRUE">EDIT_BY</attrlabl><attalias Sync="TRUE">EDIT_BY</attalias><attrtype Sync="TRUE">String</attrtype><attwidth Sync="TRUE">254</attwidth></attr><attr><attrlabl Sync="TRUE">EDIT_TYPE</attrlabl><attalias Sync="TRUE">EDIT_TYPE</attalias><attrtype Sync="TRUE">String</attrtype><attwidth Sync="TRUE">40</attwidth></attr><attr>
				<attrlabl Sync="TRUE">ID</attrlabl>
				<attalias Sync="TRUE">ID</attalias><attrtype Sync="TRUE">String</attrtype><attwidth Sync="TRUE">48</attwidth></attr>
			<attr><attrlabl Sync="TRUE">CNT</attrlabl><attalias Sync="TRUE">CNT</attalias><attrtype Sync="TRUE">String</attrtype><attwidth Sync="TRUE">48</attwidth></attr><attr><attrlabl Sync="TRUE">C1</attrlabl><attalias Sync="TRUE">C1</attalias><attrtype Sync="TRUE">String</attrtype><attwidth Sync="TRUE">40</attwidth></attr><attr><attrlabl Sync="TRUE">EDIT_DESC</attrlabl><attalias Sync="TRUE">EDIT_DESC</attalias><attrtype Sync="TRUE">String</attrtype><attwidth Sync="TRUE">8</attwidth></attr><attr><attrlabl Sync="TRUE">FAMILY</attrlabl><attalias Sync="TRUE">FAMILY</attalias><attrtype Sync="TRUE">String</attrtype><attwidth Sync="TRUE">33</attwidth></attr><attr><attrlabl Sync="TRUE">G</attrlabl><attalias Sync="TRUE">G</attalias><attrtype Sync="TRUE">String</attrtype><attwidth Sync="TRUE">82</attwidth></attr><attr><attrlabl Sync="TRUE">NAM_LABEL</attrlabl><attalias Sync="TRUE">NAM_LABEL</attalias><attrtype Sync="TRUE">Number</attrtype><attwidth Sync="TRUE">10</attwidth></attr><attr><attrlabl Sync="TRUE">NAME_PROP</attrlabl><attalias Sync="TRUE">NAME_PROP</attalias><attrtype Sync="TRUE">String</attrtype><attwidth Sync="TRUE">225</attwidth></attr><attr><attrlabl Sync="TRUE">NAM_ANSI</attrlabl><attalias Sync="TRUE">NAM_ANSI</attalias><attrtype Sync="TRUE">String</attrtype><attwidth Sync="TRUE">121</attwidth></attr><attr><attrlabl Sync="TRUE">POP</attrlabl><attalias Sync="TRUE">POP</attalias><attrtype Sync="TRUE">String</attrtype><attwidth Sync="TRUE">1</attwidth></attr><attr><attrlabl Sync="TRUE">LMP_POP1</attrlabl><attalias Sync="TRUE">LMP_POP1</attalias><attrtype Sync="TRUE">String</attrtype><attwidth Sync="TRUE">5</attwidth></attr><attr><attrlabl Sync="TRUE">LMP_CLASS</attrlabl><attalias Sync="TRUE">LMP_CLASS</attalias><attrtype Sync="TRUE">String</attrtype><attwidth Sync="TRUE">30</attwidth></attr><attr><attrlabl Sync="TRUE">FamilyProp</attrlabl><attalias Sync="TRUE">FamilyProp</attalias><attrtype Sync="TRUE">String</attrtype><attwidth Sync="TRUE">30</attwidth></attr></detailed>
	</eainfo>
	<distinfo>
		<distrib>
			<cntinfo>
				<cntorgp>
					<cntorg>Global Mapping International</cntorg>
					<cntper>William E. Dickson</cntper>
				</cntorgp>
				<cntpos>Vice President, Research and Development</cntpos>
				<cntvoice>+1-719-531-3599</cntvoice>
				<cntfax>+1-719-548-7459</cntfax>
				<cntemail>permissions@gmi.org</cntemail>
				<hours>0830-1700 M-F Mountain Time (GMT-7)</hours>
			</cntinfo>
		</distrib>
		<resdesc>Generally available to selected nonprofit organizations as part of the Global Ministry Mapping System. See Identification section for additional information</resdesc>
		<distliab>Redistribution prohibited except as specifically permitted under license received from Global Mapping International. If you have received this data without such a license, discontinue use and contact permissions@gmi.org to obtain necessary license.</distliab>
		<stdorder>
			<digform>
				<digtinfo>
					<transize>0.022</transize>
					<dssize Sync="TRUE">32.801</dssize></digtinfo>
			</digform>
			<fees>Varies</fees>
			<ordering>See http://www.gmi.org/gmms.html for information on organizational qualifications and ordering.</ordering>
		</stdorder>
	</distinfo>
	<metainfo>
		<metd Sync="TRUE">20060717</metd>
		<metc>
			<cntinfo>
				<cntorgp>
					<cntorg>Global Mapping International</cntorg>
					<cntper>Bill Dickson</cntper>
				</cntorgp>
				<cntaddr>
					<addrtype>mailing and physical address</addrtype>
					<address>15435 Gleneagle Drive</address>
					<city>Colorado Springs</city>
					<state>CO</state>
					<postal>80921</postal>
					<country>USA</country>
				</cntaddr>
				<cntvoice>719-531-3499</cntvoice>
				<cntfax>719-548-7459</cntfax>
				<cntemail>mapsupport@gmi.org</cntemail>
			</cntinfo>
		</metc>
		<metstdn Sync="TRUE">FGDC Content Standards for Digital Geospatial Metadata</metstdn>
		<metstdv Sync="TRUE">FGDC-STD-001-1998</metstdv>
		<mettc Sync="TRUE">local time</mettc>
		<metextns>
			<onlink>http://www.esri.com/metadata/esriprof80.html</onlink>
			<metprof>ESRI Metadata Profile</metprof>
		</metextns>
		<langmeta Sync="TRUE">en</langmeta><metextns><onlink Sync="TRUE">http://www.esri.com/metadata/esriprof80.html</onlink><metprof Sync="TRUE">ESRI Metadata Profile</metprof></metextns></metainfo>
	<Esri><ModDate>20060717</ModDate><ModTime>11540600</ModTime><CreaDate>20140926</CreaDate><CreaTime>16054000</CreaTime><SyncOnce>FALSE</SyncOnce><SyncDate>20060717</SyncDate><SyncTime>11540600</SyncTime><DataProperties><lineage><Process ToolSource="c:\program files (x86)\arcgis\desktop10.0\ArcToolbox\Toolboxes\Analysis Tools.tbx\Near" Date="20130826" Time="030931">Near langa historical_conflict # NO_LOCATION NO_ANGLE</Process></lineage><itemProps><itemLocation><linkage Sync="TRUE">file://\\STELIOS-PC\Users\Stelios\Desktop\sebastian\langa</linkage><protocol Sync="TRUE">Local Area Network</protocol></itemLocation></itemProps><copyHistory><copy source="C:\Users\Stelios\Documents\Papers\Africa Project\Inequality\data\ArcGis\JPE_revision\send_Nathan\langa" dest="\\STELIOS-PC\Users\Stelios\Desktop\sebastian\langa" date="20140926" time="16054000"></copy></copyHistory></DataProperties></Esri><mdDateSt Sync="TRUE">20060717</mdDateSt><dataIdInfo><envirDesc Sync="TRUE">Microsoft Windows 2000 Version 5.0 (Build 2195) Service Pack 4; ESRI ArcCatalog 9.1.0.722</envirDesc><dataLang><languageCode Sync="TRUE" value="en"></languageCode></dataLang><idCitation><resTitle Sync="TRUE">langa</resTitle><presForm><PresFormCd Sync="TRUE" value="005"></PresFormCd></presForm></idCitation><spatRpType><SpatRepTypCd Sync="TRUE" value="001"></SpatRepTypCd></spatRpType><dataExt><geoEle><GeoBndBox esriExtentType="native"><westBL Sync="TRUE">-179.999999</westBL><eastBL Sync="TRUE">180</eastBL><northBL Sync="TRUE">83.110627</northBL><southBL Sync="TRUE">-55.287896</southBL><exTypeCode Sync="TRUE">1</exTypeCode></GeoBndBox></geoEle></dataExt><geoBox esriExtentType="decdegrees"><westBL Sync="TRUE">-179.999999</westBL><eastBL Sync="TRUE">180</eastBL><northBL Sync="TRUE">83.110627</northBL><southBL Sync="TRUE">-55.287896</southBL><exTypeCode Sync="TRUE">1</exTypeCode></geoBox></dataIdInfo><mdLang><languageCode Sync="TRUE" value="en"></languageCode></mdLang><mdStanName Sync="TRUE">ISO 19115 Geographic Information - Metadata</mdStanName><mdStanVer Sync="TRUE">DIS_ESRI1.0</mdStanVer><mdChar><CharSetCd Sync="TRUE" value="004"></CharSetCd></mdChar><mdHrLv><ScopeCd Sync="TRUE" value="005"></ScopeCd></mdHrLv><mdHrLvName Sync="TRUE">dataset</mdHrLvName><distInfo><distributor><distorTran><onLineSrc><orDesc Sync="TRUE">002</orDesc><linkage Sync="TRUE">file://\\barnabas\geolib\Products\GMMS320\Arc\Work\DCW_Basemap\lang\langaCopy</linkage><protocol Sync="TRUE">Local Area Network</protocol></onLineSrc><transSize Sync="TRUE">32.801</transSize></distorTran><distorFormat><formatName Sync="TRUE">Shapefile</formatName></distorFormat></distributor></distInfo><refSysInfo><RefSystem><refSysID><identCode Sync="TRUE">GCS_WGS_1984</identCode></refSysID></RefSystem></refSysInfo><spatRepInfo><VectSpatRep><topLvl><TopoLevCd Sync="TRUE" value="001"></TopoLevCd></topLvl><geometObjs Name="langa"><geoObjTyp><GeoObjTypCd Sync="TRUE" value="001"></GeoObjTypCd></geoObjTyp><geoObjCnt Sync="TRUE">7565</geoObjCnt></geometObjs></VectSpatRep></spatRepInfo></metadata>
